{
  "ABIRoot": {
    "kind": "Root",
    "name": "TopLevel",
    "printedName": "TopLevel",
    "children": [
      {
        "kind": "Import",
        "name": "Foundation",
        "printedName": "Foundation",
        "declKind": "Import",
        "moduleName": "IOS_Network_Services"
      },
      {
        "kind": "TypeDecl",
        "name": "NetworkManager",
        "printedName": "NetworkManager",
        "children": [
          {
            "kind": "Constructor",
            "name": "init",
            "printedName": "init(session:)",
            "children": [
              {
                "kind": "TypeNominal",
                "name": "NetworkManager",
                "printedName": "IOS_Network_Services.NetworkManager",
                "usr": "s:20IOS_Network_Services0B7ManagerC"
              },
              {
                "kind": "TypeNominal",
                "name": "URLSession",
                "printedName": "Foundation.URLSession",
                "hasDefaultArg": true,
                "usr": "c:objc(cs)NSURLSession"
              }
            ],
            "declKind": "Constructor",
            "usr": "s:20IOS_Network_Services0B7ManagerC7sessionACSo12NSURLSessionC_tcfc",
            "mangledName": "$s20IOS_Network_Services0B7ManagerC7sessionACSo12NSURLSessionC_tcfc",
            "moduleName": "IOS_Network_Services",
            "declAttributes": [
              "AccessControl"
            ],
            "init_kind": "Designated"
          },
          {
            "kind": "Function",
            "name": "executeRequest",
            "printedName": "executeRequest(_:completionHandler:)",
            "children": [
              {
                "kind": "TypeNominal",
                "name": "Void",
                "printedName": "()"
              },
              {
                "kind": "TypeNominal",
                "name": "GenericTypeParam",
                "printedName": "τ_0_0"
              },
              {
                "kind": "TypeFunc",
                "name": "Function",
                "printedName": "(Swift.Result<τ_0_0.Response, IOS_Network_Services.NetworkError>) -> ()",
                "children": [
                  {
                    "kind": "TypeNominal",
                    "name": "Void",
                    "printedName": "()"
                  },
                  {
                    "kind": "TypeNominal",
                    "name": "Result",
                    "printedName": "Swift.Result<τ_0_0.Response, IOS_Network_Services.NetworkError>",
                    "children": [
                      {
                        "kind": "TypeNominal",
                        "name": "DependentMember",
                        "printedName": "τ_0_0.Response"
                      },
                      {
                        "kind": "TypeNominal",
                        "name": "NetworkError",
                        "printedName": "IOS_Network_Services.NetworkError",
                        "usr": "s:20IOS_Network_Services0B5ErrorO"
                      }
                    ],
                    "usr": "s:s6ResultO"
                  }
                ]
              }
            ],
            "declKind": "Func",
            "usr": "s:20IOS_Network_Services0B7ManagerC14executeRequest_17completionHandleryx_ys6ResultOy8ResponseQzAA0B5ErrorOGctAA10APIRequestRzlF",
            "mangledName": "$s20IOS_Network_Services0B7ManagerC14executeRequest_17completionHandleryx_ys6ResultOy8ResponseQzAA0B5ErrorOGctAA10APIRequestRzlF",
            "moduleName": "IOS_Network_Services",
            "genericSig": "<τ_0_0 where τ_0_0 : IOS_Network_Services.APIRequest>",
            "sugared_genericSig": "<T where T : IOS_Network_Services.APIRequest>",
            "declAttributes": [
              "AccessControl"
            ],
            "funcSelfKind": "NonMutating"
          }
        ],
        "declKind": "Class",
        "usr": "s:20IOS_Network_Services0B7ManagerC",
        "mangledName": "$s20IOS_Network_Services0B7ManagerC",
        "moduleName": "IOS_Network_Services",
        "declAttributes": [
          "AccessControl"
        ]
      },
      {
        "kind": "TypeDecl",
        "name": "APIRequest",
        "printedName": "APIRequest",
        "children": [
          {
            "kind": "Var",
            "name": "url",
            "printedName": "url",
            "children": [
              {
                "kind": "TypeNominal",
                "name": "String",
                "printedName": "Swift.String",
                "usr": "s:SS"
              }
            ],
            "declKind": "Var",
            "usr": "s:20IOS_Network_Services10APIRequestP3urlSSvp",
            "mangledName": "$s20IOS_Network_Services10APIRequestP3urlSSvp",
            "moduleName": "IOS_Network_Services",
            "protocolReq": true,
            "accessors": [
              {
                "kind": "Accessor",
                "name": "Get",
                "printedName": "Get()",
                "children": [
                  {
                    "kind": "TypeNominal",
                    "name": "String",
                    "printedName": "Swift.String",
                    "usr": "s:SS"
                  }
                ],
                "declKind": "Accessor",
                "usr": "s:20IOS_Network_Services10APIRequestP3urlSSvg",
                "mangledName": "$s20IOS_Network_Services10APIRequestP3urlSSvg",
                "moduleName": "IOS_Network_Services",
                "genericSig": "<τ_0_0 where τ_0_0 : IOS_Network_Services.APIRequest>",
                "sugared_genericSig": "<Self where Self : IOS_Network_Services.APIRequest>",
                "protocolReq": true,
                "reqNewWitnessTableEntry": true,
                "accessorKind": "get"
              }
            ]
          },
          {
            "kind": "Var",
            "name": "parameters",
            "printedName": "parameters",
            "children": [
              {
                "kind": "TypeNominal",
                "name": "Dictionary",
                "printedName": "[Swift.String : Swift.String]",
                "children": [
                  {
                    "kind": "TypeNominal",
                    "name": "String",
                    "printedName": "Swift.String",
                    "usr": "s:SS"
                  },
                  {
                    "kind": "TypeNominal",
                    "name": "String",
                    "printedName": "Swift.String",
                    "usr": "s:SS"
                  }
                ],
                "usr": "s:SD"
              }
            ],
            "declKind": "Var",
            "usr": "s:20IOS_Network_Services10APIRequestP10parametersSDyS2SGvp",
            "mangledName": "$s20IOS_Network_Services10APIRequestP10parametersSDyS2SGvp",
            "moduleName": "IOS_Network_Services",
            "protocolReq": true,
            "accessors": [
              {
                "kind": "Accessor",
                "name": "Get",
                "printedName": "Get()",
                "children": [
                  {
                    "kind": "TypeNominal",
                    "name": "Dictionary",
                    "printedName": "[Swift.String : Swift.String]",
                    "children": [
                      {
                        "kind": "TypeNominal",
                        "name": "String",
                        "printedName": "Swift.String",
                        "usr": "s:SS"
                      },
                      {
                        "kind": "TypeNominal",
                        "name": "String",
                        "printedName": "Swift.String",
                        "usr": "s:SS"
                      }
                    ],
                    "usr": "s:SD"
                  }
                ],
                "declKind": "Accessor",
                "usr": "s:20IOS_Network_Services10APIRequestP10parametersSDyS2SGvg",
                "mangledName": "$s20IOS_Network_Services10APIRequestP10parametersSDyS2SGvg",
                "moduleName": "IOS_Network_Services",
                "genericSig": "<τ_0_0 where τ_0_0 : IOS_Network_Services.APIRequest>",
                "sugared_genericSig": "<Self where Self : IOS_Network_Services.APIRequest>",
                "protocolReq": true,
                "reqNewWitnessTableEntry": true,
                "accessorKind": "get"
              }
            ]
          },
          {
            "kind": "Var",
            "name": "body",
            "printedName": "body",
            "children": [
              {
                "kind": "TypeNominal",
                "name": "Dictionary",
                "printedName": "[Swift.String : Any]",
                "children": [
                  {
                    "kind": "TypeNominal",
                    "name": "String",
                    "printedName": "Swift.String",
                    "usr": "s:SS"
                  },
                  {
                    "kind": "TypeNominal",
                    "name": "ProtocolComposition",
                    "printedName": "Any"
                  }
                ],
                "usr": "s:SD"
              }
            ],
            "declKind": "Var",
            "usr": "s:20IOS_Network_Services10APIRequestP4bodySDySSypGvp",
            "mangledName": "$s20IOS_Network_Services10APIRequestP4bodySDySSypGvp",
            "moduleName": "IOS_Network_Services",
            "protocolReq": true,
            "accessors": [
              {
                "kind": "Accessor",
                "name": "Get",
                "printedName": "Get()",
                "children": [
                  {
                    "kind": "TypeNominal",
                    "name": "Dictionary",
                    "printedName": "[Swift.String : Any]",
                    "children": [
                      {
                        "kind": "TypeNominal",
                        "name": "String",
                        "printedName": "Swift.String",
                        "usr": "s:SS"
                      },
                      {
                        "kind": "TypeNominal",
                        "name": "ProtocolComposition",
                        "printedName": "Any"
                      }
                    ],
                    "usr": "s:SD"
                  }
                ],
                "declKind": "Accessor",
                "usr": "s:20IOS_Network_Services10APIRequestP4bodySDySSypGvg",
                "mangledName": "$s20IOS_Network_Services10APIRequestP4bodySDySSypGvg",
                "moduleName": "IOS_Network_Services",
                "genericSig": "<τ_0_0 where τ_0_0 : IOS_Network_Services.APIRequest>",
                "sugared_genericSig": "<Self where Self : IOS_Network_Services.APIRequest>",
                "protocolReq": true,
                "reqNewWitnessTableEntry": true,
                "accessorKind": "get"
              }
            ]
          },
          {
            "kind": "Var",
            "name": "method",
            "printedName": "method",
            "children": [
              {
                "kind": "TypeNominal",
                "name": "HTTPMethod",
                "printedName": "IOS_Network_Services.HTTPMethod",
                "usr": "s:20IOS_Network_Services10HTTPMethodO"
              }
            ],
            "declKind": "Var",
            "usr": "s:20IOS_Network_Services10APIRequestP6methodAA10HTTPMethodOvp",
            "mangledName": "$s20IOS_Network_Services10APIRequestP6methodAA10HTTPMethodOvp",
            "moduleName": "IOS_Network_Services",
            "protocolReq": true,
            "accessors": [
              {
                "kind": "Accessor",
                "name": "Get",
                "printedName": "Get()",
                "children": [
                  {
                    "kind": "TypeNominal",
                    "name": "HTTPMethod",
                    "printedName": "IOS_Network_Services.HTTPMethod",
                    "usr": "s:20IOS_Network_Services10HTTPMethodO"
                  }
                ],
                "declKind": "Accessor",
                "usr": "s:20IOS_Network_Services10APIRequestP6methodAA10HTTPMethodOvg",
                "mangledName": "$s20IOS_Network_Services10APIRequestP6methodAA10HTTPMethodOvg",
                "moduleName": "IOS_Network_Services",
                "genericSig": "<τ_0_0 where τ_0_0 : IOS_Network_Services.APIRequest>",
                "sugared_genericSig": "<Self where Self : IOS_Network_Services.APIRequest>",
                "protocolReq": true,
                "reqNewWitnessTableEntry": true,
                "accessorKind": "get"
              }
            ]
          },
          {
            "kind": "Var",
            "name": "headers",
            "printedName": "headers",
            "children": [
              {
                "kind": "TypeNominal",
                "name": "Dictionary",
                "printedName": "[Swift.String : Swift.String]",
                "children": [
                  {
                    "kind": "TypeNominal",
                    "name": "String",
                    "printedName": "Swift.String",
                    "usr": "s:SS"
                  },
                  {
                    "kind": "TypeNominal",
                    "name": "String",
                    "printedName": "Swift.String",
                    "usr": "s:SS"
                  }
                ],
                "usr": "s:SD"
              }
            ],
            "declKind": "Var",
            "usr": "s:20IOS_Network_Services10APIRequestP7headersSDyS2SGvp",
            "mangledName": "$s20IOS_Network_Services10APIRequestP7headersSDyS2SGvp",
            "moduleName": "IOS_Network_Services",
            "protocolReq": true,
            "accessors": [
              {
                "kind": "Accessor",
                "name": "Get",
                "printedName": "Get()",
                "children": [
                  {
                    "kind": "TypeNominal",
                    "name": "Dictionary",
                    "printedName": "[Swift.String : Swift.String]",
                    "children": [
                      {
                        "kind": "TypeNominal",
                        "name": "String",
                        "printedName": "Swift.String",
                        "usr": "s:SS"
                      },
                      {
                        "kind": "TypeNominal",
                        "name": "String",
                        "printedName": "Swift.String",
                        "usr": "s:SS"
                      }
                    ],
                    "usr": "s:SD"
                  }
                ],
                "declKind": "Accessor",
                "usr": "s:20IOS_Network_Services10APIRequestP7headersSDyS2SGvg",
                "mangledName": "$s20IOS_Network_Services10APIRequestP7headersSDyS2SGvg",
                "moduleName": "IOS_Network_Services",
                "genericSig": "<τ_0_0 where τ_0_0 : IOS_Network_Services.APIRequest>",
                "sugared_genericSig": "<Self where Self : IOS_Network_Services.APIRequest>",
                "protocolReq": true,
                "reqNewWitnessTableEntry": true,
                "accessorKind": "get"
              }
            ]
          },
          {
            "kind": "AssociatedType",
            "name": "Response",
            "printedName": "Response",
            "declKind": "AssociatedType",
            "usr": "s:20IOS_Network_Services10APIRequestP8ResponseQa",
            "mangledName": "$s20IOS_Network_Services10APIRequestP8ResponseQa",
            "moduleName": "IOS_Network_Services",
            "protocolReq": true
          }
        ],
        "declKind": "Protocol",
        "usr": "s:20IOS_Network_Services10APIRequestP",
        "mangledName": "$s20IOS_Network_Services10APIRequestP",
        "moduleName": "IOS_Network_Services",
        "genericSig": "<τ_0_0.Response : Swift.Decodable, τ_0_0.Response : Swift.Encodable>",
        "sugared_genericSig": "<Self.Response : Swift.Decodable, Self.Response : Swift.Encodable>",
        "declAttributes": [
          "AccessControl"
        ]
      },
      {
        "kind": "TypeDecl",
        "name": "NetworkError",
        "printedName": "NetworkError",
        "children": [
          {
            "kind": "Function",
            "name": "==",
            "printedName": "==(_:_:)",
            "children": [
              {
                "kind": "TypeNominal",
                "name": "Bool",
                "printedName": "Swift.Bool",
                "usr": "s:Sb"
              },
              {
                "kind": "TypeNominal",
                "name": "NetworkError",
                "printedName": "IOS_Network_Services.NetworkError",
                "usr": "s:20IOS_Network_Services0B5ErrorO"
              },
              {
                "kind": "TypeNominal",
                "name": "NetworkError",
                "printedName": "IOS_Network_Services.NetworkError",
                "usr": "s:20IOS_Network_Services0B5ErrorO"
              }
            ],
            "declKind": "Func",
            "usr": "s:20IOS_Network_Services0B5ErrorO2eeoiySbAC_ACtFZ",
            "mangledName": "$s20IOS_Network_Services0B5ErrorO2eeoiySbAC_ACtFZ",
            "moduleName": "IOS_Network_Services",
            "static": true,
            "declAttributes": [
              "AccessControl"
            ],
            "funcSelfKind": "NonMutating"
          },
          {
            "kind": "Var",
            "name": "invalidURL",
            "printedName": "invalidURL",
            "children": [
              {
                "kind": "TypeFunc",
                "name": "Function",
                "printedName": "(IOS_Network_Services.NetworkError.Type) -> IOS_Network_Services.NetworkError",
                "children": [
                  {
                    "kind": "TypeNominal",
                    "name": "NetworkError",
                    "printedName": "IOS_Network_Services.NetworkError",
                    "usr": "s:20IOS_Network_Services0B5ErrorO"
                  },
                  {
                    "kind": "TypeNominal",
                    "name": "Metatype",
                    "printedName": "IOS_Network_Services.NetworkError.Type",
                    "children": [
                      {
                        "kind": "TypeNominal",
                        "name": "NetworkError",
                        "printedName": "IOS_Network_Services.NetworkError",
                        "usr": "s:20IOS_Network_Services0B5ErrorO"
                      }
                    ]
                  }
                ]
              }
            ],
            "declKind": "EnumElement",
            "usr": "s:20IOS_Network_Services0B5ErrorO10invalidURLyA2CmF",
            "mangledName": "$s20IOS_Network_Services0B5ErrorO10invalidURLyA2CmF",
            "moduleName": "IOS_Network_Services"
          },
          {
            "kind": "Var",
            "name": "invalidData",
            "printedName": "invalidData",
            "children": [
              {
                "kind": "TypeFunc",
                "name": "Function",
                "printedName": "(IOS_Network_Services.NetworkError.Type) -> IOS_Network_Services.NetworkError",
                "children": [
                  {
                    "kind": "TypeNominal",
                    "name": "NetworkError",
                    "printedName": "IOS_Network_Services.NetworkError",
                    "usr": "s:20IOS_Network_Services0B5ErrorO"
                  },
                  {
                    "kind": "TypeNominal",
                    "name": "Metatype",
                    "printedName": "IOS_Network_Services.NetworkError.Type",
                    "children": [
                      {
                        "kind": "TypeNominal",
                        "name": "NetworkError",
                        "printedName": "IOS_Network_Services.NetworkError",
                        "usr": "s:20IOS_Network_Services0B5ErrorO"
                      }
                    ]
                  }
                ]
              }
            ],
            "declKind": "EnumElement",
            "usr": "s:20IOS_Network_Services0B5ErrorO11invalidDatayA2CmF",
            "mangledName": "$s20IOS_Network_Services0B5ErrorO11invalidDatayA2CmF",
            "moduleName": "IOS_Network_Services"
          },
          {
            "kind": "Var",
            "name": "invalidResponse",
            "printedName": "invalidResponse",
            "children": [
              {
                "kind": "TypeFunc",
                "name": "Function",
                "printedName": "(IOS_Network_Services.NetworkError.Type) -> IOS_Network_Services.NetworkError",
                "children": [
                  {
                    "kind": "TypeNominal",
                    "name": "NetworkError",
                    "printedName": "IOS_Network_Services.NetworkError",
                    "usr": "s:20IOS_Network_Services0B5ErrorO"
                  },
                  {
                    "kind": "TypeNominal",
                    "name": "Metatype",
                    "printedName": "IOS_Network_Services.NetworkError.Type",
                    "children": [
                      {
                        "kind": "TypeNominal",
                        "name": "NetworkError",
                        "printedName": "IOS_Network_Services.NetworkError",
                        "usr": "s:20IOS_Network_Services0B5ErrorO"
                      }
                    ]
                  }
                ]
              }
            ],
            "declKind": "EnumElement",
            "usr": "s:20IOS_Network_Services0B5ErrorO15invalidResponseyA2CmF",
            "mangledName": "$s20IOS_Network_Services0B5ErrorO15invalidResponseyA2CmF",
            "moduleName": "IOS_Network_Services"
          },
          {
            "kind": "Var",
            "name": "requestFailed",
            "printedName": "requestFailed",
            "children": [
              {
                "kind": "TypeFunc",
                "name": "Function",
                "printedName": "(IOS_Network_Services.NetworkError.Type) -> (any Swift.Error) -> IOS_Network_Services.NetworkError",
                "children": [
                  {
                    "kind": "TypeFunc",
                    "name": "Function",
                    "printedName": "(any Swift.Error) -> IOS_Network_Services.NetworkError",
                    "children": [
                      {
                        "kind": "TypeNominal",
                        "name": "NetworkError",
                        "printedName": "IOS_Network_Services.NetworkError",
                        "usr": "s:20IOS_Network_Services0B5ErrorO"
                      },
                      {
                        "kind": "TypeNominal",
                        "name": "Error",
                        "printedName": "any Swift.Error",
                        "usr": "s:s5ErrorP"
                      }
                    ]
                  },
                  {
                    "kind": "TypeNominal",
                    "name": "Metatype",
                    "printedName": "IOS_Network_Services.NetworkError.Type",
                    "children": [
                      {
                        "kind": "TypeNominal",
                        "name": "NetworkError",
                        "printedName": "IOS_Network_Services.NetworkError",
                        "usr": "s:20IOS_Network_Services0B5ErrorO"
                      }
                    ]
                  }
                ]
              }
            ],
            "declKind": "EnumElement",
            "usr": "s:20IOS_Network_Services0B5ErrorO13requestFailedyACs0D0_pcACmF",
            "mangledName": "$s20IOS_Network_Services0B5ErrorO13requestFailedyACs0D0_pcACmF",
            "moduleName": "IOS_Network_Services"
          },
          {
            "kind": "Var",
            "name": "unexpectedStatusCode",
            "printedName": "unexpectedStatusCode",
            "children": [
              {
                "kind": "TypeFunc",
                "name": "Function",
                "printedName": "(IOS_Network_Services.NetworkError.Type) -> (Swift.Int) -> IOS_Network_Services.NetworkError",
                "children": [
                  {
                    "kind": "TypeFunc",
                    "name": "Function",
                    "printedName": "(Swift.Int) -> IOS_Network_Services.NetworkError",
                    "children": [
                      {
                        "kind": "TypeNominal",
                        "name": "NetworkError",
                        "printedName": "IOS_Network_Services.NetworkError",
                        "usr": "s:20IOS_Network_Services0B5ErrorO"
                      },
                      {
                        "kind": "TypeNominal",
                        "name": "Int",
                        "printedName": "Swift.Int",
                        "usr": "s:Si"
                      }
                    ]
                  },
                  {
                    "kind": "TypeNominal",
                    "name": "Metatype",
                    "printedName": "IOS_Network_Services.NetworkError.Type",
                    "children": [
                      {
                        "kind": "TypeNominal",
                        "name": "NetworkError",
                        "printedName": "IOS_Network_Services.NetworkError",
                        "usr": "s:20IOS_Network_Services0B5ErrorO"
                      }
                    ]
                  }
                ]
              }
            ],
            "declKind": "EnumElement",
            "usr": "s:20IOS_Network_Services0B5ErrorO20unexpectedStatusCodeyACSicACmF",
            "mangledName": "$s20IOS_Network_Services0B5ErrorO20unexpectedStatusCodeyACSicACmF",
            "moduleName": "IOS_Network_Services"
          },
          {
            "kind": "Var",
            "name": "decodingError",
            "printedName": "decodingError",
            "children": [
              {
                "kind": "TypeFunc",
                "name": "Function",
                "printedName": "(IOS_Network_Services.NetworkError.Type) -> (any Swift.Error) -> IOS_Network_Services.NetworkError",
                "children": [
                  {
                    "kind": "TypeFunc",
                    "name": "Function",
                    "printedName": "(any Swift.Error) -> IOS_Network_Services.NetworkError",
                    "children": [
                      {
                        "kind": "TypeNominal",
                        "name": "NetworkError",
                        "printedName": "IOS_Network_Services.NetworkError",
                        "usr": "s:20IOS_Network_Services0B5ErrorO"
                      },
                      {
                        "kind": "TypeNominal",
                        "name": "Error",
                        "printedName": "any Swift.Error",
                        "usr": "s:s5ErrorP"
                      }
                    ]
                  },
                  {
                    "kind": "TypeNominal",
                    "name": "Metatype",
                    "printedName": "IOS_Network_Services.NetworkError.Type",
                    "children": [
                      {
                        "kind": "TypeNominal",
                        "name": "NetworkError",
                        "printedName": "IOS_Network_Services.NetworkError",
                        "usr": "s:20IOS_Network_Services0B5ErrorO"
                      }
                    ]
                  }
                ]
              }
            ],
            "declKind": "EnumElement",
            "usr": "s:20IOS_Network_Services0B5ErrorO08decodingD0yACs0D0_pcACmF",
            "mangledName": "$s20IOS_Network_Services0B5ErrorO08decodingD0yACs0D0_pcACmF",
            "moduleName": "IOS_Network_Services"
          }
        ],
        "declKind": "Enum",
        "usr": "s:20IOS_Network_Services0B5ErrorO",
        "mangledName": "$s20IOS_Network_Services0B5ErrorO",
        "moduleName": "IOS_Network_Services",
        "declAttributes": [
          "AccessControl"
        ],
        "conformances": [
          {
            "kind": "Conformance",
            "name": "Error",
            "printedName": "Error",
            "usr": "s:s5ErrorP",
            "mangledName": "$ss5ErrorP"
          },
          {
            "kind": "Conformance",
            "name": "Equatable",
            "printedName": "Equatable",
            "usr": "s:SQ",
            "mangledName": "$sSQ"
          },
          {
            "kind": "Conformance",
            "name": "Sendable",
            "printedName": "Sendable",
            "usr": "s:s8SendableP",
            "mangledName": "$ss8SendableP"
          }
        ]
      },
      {
        "kind": "TypeDecl",
        "name": "HTTPMethod",
        "printedName": "HTTPMethod",
        "children": [
          {
            "kind": "Var",
            "name": "get",
            "printedName": "get",
            "children": [
              {
                "kind": "TypeFunc",
                "name": "Function",
                "printedName": "(IOS_Network_Services.HTTPMethod.Type) -> IOS_Network_Services.HTTPMethod",
                "children": [
                  {
                    "kind": "TypeNominal",
                    "name": "HTTPMethod",
                    "printedName": "IOS_Network_Services.HTTPMethod",
                    "usr": "s:20IOS_Network_Services10HTTPMethodO"
                  },
                  {
                    "kind": "TypeNominal",
                    "name": "Metatype",
                    "printedName": "IOS_Network_Services.HTTPMethod.Type",
                    "children": [
                      {
                        "kind": "TypeNominal",
                        "name": "HTTPMethod",
                        "printedName": "IOS_Network_Services.HTTPMethod",
                        "usr": "s:20IOS_Network_Services10HTTPMethodO"
                      }
                    ]
                  }
                ]
              }
            ],
            "declKind": "EnumElement",
            "usr": "s:20IOS_Network_Services10HTTPMethodO3getyA2CmF",
            "mangledName": "$s20IOS_Network_Services10HTTPMethodO3getyA2CmF",
            "moduleName": "IOS_Network_Services"
          },
          {
            "kind": "Var",
            "name": "post",
            "printedName": "post",
            "children": [
              {
                "kind": "TypeFunc",
                "name": "Function",
                "printedName": "(IOS_Network_Services.HTTPMethod.Type) -> IOS_Network_Services.HTTPMethod",
                "children": [
                  {
                    "kind": "TypeNominal",
                    "name": "HTTPMethod",
                    "printedName": "IOS_Network_Services.HTTPMethod",
                    "usr": "s:20IOS_Network_Services10HTTPMethodO"
                  },
                  {
                    "kind": "TypeNominal",
                    "name": "Metatype",
                    "printedName": "IOS_Network_Services.HTTPMethod.Type",
                    "children": [
                      {
                        "kind": "TypeNominal",
                        "name": "HTTPMethod",
                        "printedName": "IOS_Network_Services.HTTPMethod",
                        "usr": "s:20IOS_Network_Services10HTTPMethodO"
                      }
                    ]
                  }
                ]
              }
            ],
            "declKind": "EnumElement",
            "usr": "s:20IOS_Network_Services10HTTPMethodO4postyA2CmF",
            "mangledName": "$s20IOS_Network_Services10HTTPMethodO4postyA2CmF",
            "moduleName": "IOS_Network_Services"
          },
          {
            "kind": "Var",
            "name": "put",
            "printedName": "put",
            "children": [
              {
                "kind": "TypeFunc",
                "name": "Function",
                "printedName": "(IOS_Network_Services.HTTPMethod.Type) -> IOS_Network_Services.HTTPMethod",
                "children": [
                  {
                    "kind": "TypeNominal",
                    "name": "HTTPMethod",
                    "printedName": "IOS_Network_Services.HTTPMethod",
                    "usr": "s:20IOS_Network_Services10HTTPMethodO"
                  },
                  {
                    "kind": "TypeNominal",
                    "name": "Metatype",
                    "printedName": "IOS_Network_Services.HTTPMethod.Type",
                    "children": [
                      {
                        "kind": "TypeNominal",
                        "name": "HTTPMethod",
                        "printedName": "IOS_Network_Services.HTTPMethod",
                        "usr": "s:20IOS_Network_Services10HTTPMethodO"
                      }
                    ]
                  }
                ]
              }
            ],
            "declKind": "EnumElement",
            "usr": "s:20IOS_Network_Services10HTTPMethodO3putyA2CmF",
            "mangledName": "$s20IOS_Network_Services10HTTPMethodO3putyA2CmF",
            "moduleName": "IOS_Network_Services"
          },
          {
            "kind": "Var",
            "name": "delete",
            "printedName": "delete",
            "children": [
              {
                "kind": "TypeFunc",
                "name": "Function",
                "printedName": "(IOS_Network_Services.HTTPMethod.Type) -> IOS_Network_Services.HTTPMethod",
                "children": [
                  {
                    "kind": "TypeNominal",
                    "name": "HTTPMethod",
                    "printedName": "IOS_Network_Services.HTTPMethod",
                    "usr": "s:20IOS_Network_Services10HTTPMethodO"
                  },
                  {
                    "kind": "TypeNominal",
                    "name": "Metatype",
                    "printedName": "IOS_Network_Services.HTTPMethod.Type",
                    "children": [
                      {
                        "kind": "TypeNominal",
                        "name": "HTTPMethod",
                        "printedName": "IOS_Network_Services.HTTPMethod",
                        "usr": "s:20IOS_Network_Services10HTTPMethodO"
                      }
                    ]
                  }
                ]
              }
            ],
            "declKind": "EnumElement",
            "usr": "s:20IOS_Network_Services10HTTPMethodO6deleteyA2CmF",
            "mangledName": "$s20IOS_Network_Services10HTTPMethodO6deleteyA2CmF",
            "moduleName": "IOS_Network_Services"
          },
          {
            "kind": "Constructor",
            "name": "init",
            "printedName": "init(rawValue:)",
            "children": [
              {
                "kind": "TypeNominal",
                "name": "Optional",
                "printedName": "IOS_Network_Services.HTTPMethod?",
                "children": [
                  {
                    "kind": "TypeNominal",
                    "name": "HTTPMethod",
                    "printedName": "IOS_Network_Services.HTTPMethod",
                    "usr": "s:20IOS_Network_Services10HTTPMethodO"
                  }
                ],
                "usr": "s:Sq"
              },
              {
                "kind": "TypeNominal",
                "name": "String",
                "printedName": "Swift.String",
                "usr": "s:SS"
              }
            ],
            "declKind": "Constructor",
            "usr": "s:20IOS_Network_Services10HTTPMethodO8rawValueACSgSS_tcfc",
            "mangledName": "$s20IOS_Network_Services10HTTPMethodO8rawValueACSgSS_tcfc",
            "moduleName": "IOS_Network_Services",
            "implicit": true,
            "init_kind": "Designated"
          },
          {
            "kind": "Var",
            "name": "rawValue",
            "printedName": "rawValue",
            "children": [
              {
                "kind": "TypeNominal",
                "name": "String",
                "printedName": "Swift.String",
                "usr": "s:SS"
              }
            ],
            "declKind": "Var",
            "usr": "s:20IOS_Network_Services10HTTPMethodO8rawValueSSvp",
            "mangledName": "$s20IOS_Network_Services10HTTPMethodO8rawValueSSvp",
            "moduleName": "IOS_Network_Services",
            "implicit": true,
            "accessors": [
              {
                "kind": "Accessor",
                "name": "Get",
                "printedName": "Get()",
                "children": [
                  {
                    "kind": "TypeNominal",
                    "name": "String",
                    "printedName": "Swift.String",
                    "usr": "s:SS"
                  }
                ],
                "declKind": "Accessor",
                "usr": "s:20IOS_Network_Services10HTTPMethodO8rawValueSSvg",
                "mangledName": "$s20IOS_Network_Services10HTTPMethodO8rawValueSSvg",
                "moduleName": "IOS_Network_Services",
                "implicit": true,
                "accessorKind": "get"
              }
            ]
          }
        ],
        "declKind": "Enum",
        "usr": "s:20IOS_Network_Services10HTTPMethodO",
        "mangledName": "$s20IOS_Network_Services10HTTPMethodO",
        "moduleName": "IOS_Network_Services",
        "declAttributes": [
          "AccessControl"
        ],
        "enumRawTypeName": "String",
        "conformances": [
          {
            "kind": "Conformance",
            "name": "Equatable",
            "printedName": "Equatable",
            "usr": "s:SQ",
            "mangledName": "$sSQ"
          },
          {
            "kind": "Conformance",
            "name": "Hashable",
            "printedName": "Hashable",
            "usr": "s:SH",
            "mangledName": "$sSH"
          },
          {
            "kind": "Conformance",
            "name": "RawRepresentable",
            "printedName": "RawRepresentable",
            "children": [
              {
                "kind": "TypeWitness",
                "name": "RawValue",
                "printedName": "RawValue",
                "children": [
                  {
                    "kind": "TypeNominal",
                    "name": "String",
                    "printedName": "Swift.String",
                    "usr": "s:SS"
                  }
                ]
              }
            ],
            "usr": "s:SY",
            "mangledName": "$sSY"
          }
        ]
      }
    ],
    "json_format_version": 8
  },
  "ConstValues": [
    {
      "filePath": "\/Users\/lekkalasaihimaja\/ios_network_services\/IOS_Network_Services\/IOS_Network_Services\/NetworkManager.swift",
      "kind": "StringLiteral",
      "offset": 3720,
      "length": 5,
      "value": "\"GET\""
    },
    {
      "filePath": "\/Users\/lekkalasaihimaja\/ios_network_services\/IOS_Network_Services\/IOS_Network_Services\/NetworkManager.swift",
      "kind": "StringLiteral",
      "offset": 3742,
      "length": 6,
      "value": "\"POST\""
    },
    {
      "filePath": "\/Users\/lekkalasaihimaja\/ios_network_services\/IOS_Network_Services\/IOS_Network_Services\/NetworkManager.swift",
      "kind": "StringLiteral",
      "offset": 3764,
      "length": 5,
      "value": "\"PUT\""
    },
    {
      "filePath": "\/Users\/lekkalasaihimaja\/ios_network_services\/IOS_Network_Services\/IOS_Network_Services\/NetworkManager.swift",
      "kind": "StringLiteral",
      "offset": 3788,
      "length": 8,
      "value": "\"DELETE\""
    },
    {
      "filePath": "\/Users\/lekkalasaihimaja\/ios_network_services\/IOS_Network_Services\/IOS_Network_Services\/NetworkManager.swift",
      "kind": "StringLiteral",
      "offset": 3720,
      "length": 5,
      "value": "\"GET\""
    },
    {
      "filePath": "\/Users\/lekkalasaihimaja\/ios_network_services\/IOS_Network_Services\/IOS_Network_Services\/NetworkManager.swift",
      "kind": "StringLiteral",
      "offset": 3742,
      "length": 6,
      "value": "\"POST\""
    },
    {
      "filePath": "\/Users\/lekkalasaihimaja\/ios_network_services\/IOS_Network_Services\/IOS_Network_Services\/NetworkManager.swift",
      "kind": "StringLiteral",
      "offset": 3764,
      "length": 5,
      "value": "\"PUT\""
    },
    {
      "filePath": "\/Users\/lekkalasaihimaja\/ios_network_services\/IOS_Network_Services\/IOS_Network_Services\/NetworkManager.swift",
      "kind": "StringLiteral",
      "offset": 3788,
      "length": 8,
      "value": "\"DELETE\""
    }
  ]
}